<?xml version="1.0" encoding="utf-8"?>
<extension type="plugin" group="system" method="upgrade">
    <name>PLG_SYSTEM_BREAKDESIGNS_PRODUCT_BUILDER</name>
    <author>Dudebaker</author>
    <authorEmail>@</authorEmail>
    <authorUrl>w</authorUrl>
    <creationDate>2025-03-12</creationDate>
    <copyright>(C) Open Source Matters, Inc.</copyright>
    <license>GNU General Public License version 2 or later</license>
    <version>1.0.0</version>
    <description>PLG_SYSTEM_BREAKDESIGNS_PRODUCT_BUILDER_XML_DESCRIPTION</description>
    <namespace path="src">Joomla\Plugin\System\BreakdesignsProductBuilder</namespace>
    <files>
        <folder plugin="breakdesignsproductbuilder">services</folder>
        <folder>src</folder>
        <folder>language</folder>
    </files>
</extension>